alpha,recall,ndcg,diversity,pop_bias,coverage
0.0,0.09627941803196025,0.05291624157137089,0.5205845028054606,0.903524685323231,0.16165689149560117
0.05,0.10115888786768008,0.05804935846927171,0.5216176672508279,0.9068502382989124,0.16055718475073313
0.1,0.10678492096803384,0.06427581024409261,0.5233373133961687,0.9113872387877306,0.15933528836754643
0.15000000000000002,0.11389972236550838,0.07097922125335779,0.52544743374764,0.9161948032506416,0.15725806451612903
0.2,0.12010391683691034,0.07797961744965488,0.5277358644812705,0.9216021660760113,0.15566959921798632
0.25,0.13035665773600025,0.08559265241809773,0.530946314404866,0.9275147714774532,0.15432551319648094
0.30000000000000004,0.14208877256243488,0.09335626557877111,0.5353104704019909,0.9339236863008676,0.1507820136852395
0.35000000000000003,0.15642332942606493,0.10227958325099694,0.5409839382792326,0.9409725711841622,0.14760508308895406
0.4,0.17406840118413272,0.11273555722273135,0.548128843874376,0.948434061468899,0.14393939393939395
0.45,0.19438084673139758,0.12447573034486052,0.5570854653258231,0.9556627856531834,0.14064027370478985
0.5,0.21910514486507476,0.13788781780979703,0.5689539267237601,0.9623621562996456,0.13477517106549364
0.55,0.24609446512785704,0.15314820192967288,0.5844937603093847,0.9688816479286325,0.1270772238514174
0.6000000000000001,0.27240115096606793,0.1680844824854726,0.6052218644097965,0.9750924660882317,0.12121212121212122
0.65,0.29924533783500135,0.18423539253028837,0.6280605732223933,0.9794895179029696,0.11889051808406648
0.7000000000000001,0.3199452871215997,0.19750619154080476,0.6476303310013057,0.9820755071489674,0.11681329423264906
0.75,0.3356073602630313,0.20751364197041244,0.665171372998956,0.9836320450934866,0.11473607038123167
0.8,0.3451861440226878,0.2154708648956918,0.6791683499050928,0.9846576652816816,0.11400293255131964
0.8500000000000001,0.35363284097979975,0.2230662335808467,0.6909626883599508,0.9853591683978982,0.11217008797653959
0.9,0.35611603401467107,0.22858662427871665,0.7010250147835502,0.985923047781987,0.11217008797653959
0.9500000000000001,0.3559173493034221,0.23340906065591016,0.7095667793173546,0.9863303617255286,0.11107038123167155
