model,recall,ndcg,hitrate,coverage,diversity,pop_bias,alpha
DeepFM+Tags (a=0.00),0.09600962783764726,0.055491084497914185,0.3018706472391909,0.3899071358748778,0.525050910375912,0.9069425286147023,0.0
DeepFM+Tags (a=0.05),0.1013154725247809,0.06029751169587052,0.3164650234128022,0.38721896383186705,0.525724445266101,0.9098856960417346,0.05
DeepFM+Tags (a=0.10),0.10853851481115166,0.06702241160148903,0.3347436476432697,0.3848973607038123,0.5268816738470796,0.9141596898602475,0.1
DeepFM+Tags (a=0.15),0.11622480892428964,0.07417251977231108,0.3537115828005039,0.3820869990224829,0.5284125648098357,0.9187486491044468,0.15000000000000002
DeepFM+Tags (a=0.20),0.12485843404579362,0.08165908951452562,0.3762211499607806,0.3790322580645161,0.5305371926113719,0.9238261402248342,0.2
DeepFM+Tags (a=0.25),0.13562159344857375,0.08989330202124308,0.4012264980627986,0.375,0.5334087466133529,0.9294839184597636,0.25
DeepFM+Tags (a=0.30),0.1482259578966593,0.09883318271056427,0.429607092771743,0.36864613880742914,0.537250912284625,0.935717263780789,0.30000000000000004
DeepFM+Tags (a=0.35),0.16235725401541365,0.10856326286575403,0.4599843122340805,0.36241446725317694,0.5423844867535041,0.9425706470500933,0.35000000000000003
DeepFM+Tags (a=0.40),0.17867751483014385,0.11959296354297659,0.4944736279147156,0.35459433040078203,0.5492595982573716,0.9499686404731807,0.4
DeepFM+Tags (a=0.45),0.20039975371129345,0.1324844832510746,0.5352618193054598,0.3429863147605083,0.5586196799345975,0.9575914644829165,0.45
DeepFM+Tags (a=0.50),0.22527440281203617,0.14712629680128117,0.5787359463763637,0.32331378299120234,0.5713237203871634,0.9652537356376771,0.5
DeepFM+Tags (a=0.55),0.25474809482851746,0.16391917225646335,0.6253476266311712,0.29020039100684264,0.5892321279173379,0.973022142294077,0.55
DeepFM+Tags (a=0.60),0.28540920194002045,0.18141279371007388,0.6676332865869601,0.2591642228739003,0.613302882151396,0.9801270877280995,0.6000000000000001
DeepFM+Tags (a=0.65),0.3090216715095247,0.1966182595227009,0.6963228827458344,0.23814760508308896,0.6389214661063337,0.985030692007119,0.65
DeepFM+Tags (a=0.70),0.32269467564642695,0.20774861095637104,0.711178721684771,0.2250733137829912,0.6605264831434576,0.9876858441668847,0.7000000000000001
DeepFM+Tags (a=0.75),0.32930603982836204,0.21576388998983517,0.71778659884481,0.2196969696969697,0.6776630906005822,0.9891048525526231,0.75
DeepFM+Tags (a=0.80),0.33352521887976716,0.22255416041419263,0.7219700030900145,0.2155425219941349,0.6917520844487454,0.990026486797124,0.8
DeepFM+Tags (a=0.85),0.335387950762383,0.2279373811234513,0.7237051650780822,0.21297653958944282,0.7033781928950918,0.9906346145126959,0.8500000000000001
DeepFM+Tags (a=0.90),0.3368244984257761,0.23309493241674475,0.725273941670034,0.21065493646138808,0.7130515830954341,0.9910615440557209,0.9
DeepFM+Tags (a=0.95),0.3363367554908482,0.23717880445552184,0.7252977110123363,0.21089931573802542,0.7210271851295843,0.9913526516903117,0.9500000000000001
